料理名,TIMESTAMP
大ニンニクヤサイマシアブラマシカラメラーメン,2020/01/01 05:34:35
大ニンニクヤサイマシカラメラーメン,2020/01/01 12:19:43
大ニンニクマシマシヤサイラーメン,2020/01/01 18:06:02
大ニンニクマシヤサイアブララーメン,2020/01/02 05:20:47
小ニンニクマシヤサイマシアブラマシマシカラメラーメン,2020/01/02 13:06:55
小豚ニンニクヤサイマシアブラマシマシカラメラーメン,2020/01/02 19:35:24
小アブラマシマシカラメラーメン,2020/01/03 05:13:25
大豚ニンニクマシアブラマシマシラーメン,2020/01/03 12:48:40
小豚ニンニクマシマシヤサイマシアブラマシマシラーメン,2020/01/03 16:28:48
小ニンニクマシヤサイマシマシラーメン,2020/01/04 06:50:39
小ニンニクマシマシヤサイアブラマシマシラーメン,2020/01/04 12:23:11
大ニンニクヤサイアブラマシラーメン,2020/01/04 19:35:40
大ニンニクマシマシカラメラーメン,2020/01/05 06:31:21
小豚ニンニクマシマシラーメン,2020/01/05 12:33:12
小ニンニクマシマシヤサイアブラマシラーメン,2020/01/05 18:39:43
小豚ニンニクマシマシカラメラーメン,2020/01/06 05:45:07
大豚ニンニクマシマシヤサイマシカラメラーメン,2020/01/06 10:15:11
大ニンニクマシヤサイマシマシラーメン,2020/01/06 18:37:31
大豚ニンニクヤサイマシマシラーメン,2020/01/07 06:54:30
大豚ニンニクマシマシヤサイカラメラーメン,2020/01/07 11:14:34
小豚ヤサイマシマシアブラカラメラーメン,2020/01/07 19:48:39
小豚ヤサイアブラマシカラメラーメン,2020/01/08 06:08:41
小ヤサイマシマシアブラマシマシカラメラーメン,2020/01/08 13:16:07
大ニンニクマシアブラマシラーメン,2020/01/08 18:55:30
小豚ニンニクラーメン,2020/01/09 07:34:13
大豚ヤサイアブラマシカラメラーメン,2020/01/09 12:45:16
大ニンニクマシマシヤサイマシマシアブラマシマシカラメラーメン,2020/01/09 18:37:25
大ニンニクマシアブラカラメラーメン,2020/01/10 06:44:43
小ニンニクヤサイマシラーメン,2020/01/10 12:34:45
大ニンニクヤサイカラメラーメン,2020/01/10 19:42:47
大ヤサイマシラーメン,2020/01/11 06:49:40
大豚ヤサイマシマシアブラマシラーメン,2020/01/11 11:41:54
大豚ニンニクマシヤサイマシアブラカラメラーメン,2020/01/11 19:18:20
小豚ニンニクマシヤサイマシアブラマシマシラーメン,2020/01/12 04:52:00
小ニンニクマシマシヤサイマシマシアブラマシラーメン,2020/01/12 12:34:45
小ニンニクヤサイアブラカラメラーメン,2020/01/12 18:14:08
小ニンニクヤサイアブラカラメラーメン,2020/01/13 06:43:00
小豚ニンニクマシアブラマシカラメラーメン,2020/01/13 12:04:20
小豚ヤサイマシカラメラーメン,2020/01/13 18:42:12
小ヤサイマシマシアブラマシラーメン,2020/01/14 08:15:33
大豚ニンニクマシマシヤサイマシマシアブラマシマシラーメン,2020/01/14 11:11:46
大豚ニンニクヤサイアブラマシラーメン,2020/01/14 18:56:22
小豚ラーメン,2020/01/15 07:59:13
小ニンニクマシマシヤサイカラメラーメン,2020/01/15 13:56:33
小ニンニクマシアブラマシマシラーメン,2020/01/15 20:11:00
大ニンニクマシマシアブラカラメラーメン,2020/01/16 06:53:55
小ニンニクヤサイマシマシアブラマシマシカラメラーメン,2020/01/16 13:59:19
小豚ヤサイマシアブラマシカラメラーメン,2020/01/16 19:20:45
大豚アブラカラメラーメン,2020/01/17 07:00:09
大豚ニンニクヤサイマシアブラマシマシラーメン,2020/01/17 11:54:20
小ニンニクマシヤサイマシマシアブラマシカラメラーメン,2020/01/17 19:03:44
小豚ニンニクマシマシヤサイアブラマシカラメラーメン,2020/01/18 06:05:22
小豚ニンニクアブラマシラーメン,2020/01/18 11:28:52
大ニンニクラーメン,2020/01/18 18:30:47
大ヤサイマシマシアブラマシマシラーメン,2020/01/19 07:52:19
大豚ニンニクヤサイマシアブラマシラーメン,2020/01/19 11:40:46
小ヤサイラーメン,2020/01/19 17:25:05
小豚ニンニクマシヤサイマシアブララーメン,2020/01/20 07:15:53
小豚ニンニクマシヤサイマシマシアブラマシラーメン,2020/01/20 11:30:11
小豚ヤサイマシマシアブラマシマシカラメラーメン,2020/01/20 17:54:00
小ニンニクマシヤサイマシマシアブラマシカラメラーメン,2020/01/21 07:26:54
大ニンニクヤサイマシマシラーメン,2020/01/21 09:49:04
大ニンニクヤサイアブラマシカラメラーメン,2020/01/21 19:34:21
小ニンニクマシマシヤサイアブラマシマシカラメラーメン,2020/01/22 07:09:05
小ニンニクマシヤサイマシマシアブララーメン,2020/01/22 12:13:27
小豚ニンニクマシマシヤサイマシマシアブラマシカラメラーメン,2020/01/22 17:18:23
大豚ニンニクマシヤサイラーメン,2020/01/23 06:32:35
大ヤサイアブラマシマシラーメン,2020/01/23 13:34:57
小ニンニクマシアブラマシラーメン,2020/01/23 19:49:01
小ニンニクヤサイマシマシアブラマシマシカラメラーメン,2020/01/24 05:06:39
小豚ヤサイマシマシカラメラーメン,2020/01/24 12:08:39
大豚ニンニクマシヤサイラーメン,2020/01/24 20:34:08
小ヤサイマシアブラカラメラーメン,2020/01/25 07:10:11
大ニンニクマシマシアブラカラメラーメン,2020/01/25 13:51:17
大豚ニンニクマシヤサイマシマシアブラカラメラーメン,2020/01/25 18:53:52
小豚ヤサイマシマシラーメン,2020/01/26 07:49:49
小ニンニクヤサイマシアブラカラメラーメン,2020/01/26 10:25:41
大ヤサイマシラーメン,2020/01/26 21:11:26
小豚ヤサイマシマシアブラマシラーメン,2020/01/27 05:45:56
大ニンニクマシカラメラーメン,2020/01/27 13:00:48
小ニンニクヤサイマシアブラマシマシカラメラーメン,2020/01/27 18:03:50
小ニンニクラーメン,2020/01/28 06:35:55
大豚ヤサイマシアブララーメン,2020/01/28 13:22:57
大豚ニンニクマシマシカラメラーメン,2020/01/28 19:06:32
小ヤサイマシマシアブララーメン,2020/01/29 06:55:34
小ニンニクヤサイマシマシアブラマシラーメン,2020/01/29 10:17:48
小豚ニンニクマシマシアブラマシマシカラメラーメン,2020/01/29 18:21:39
小ニンニクマシマシヤサイマシアブラマシマシラーメン,2020/01/30 07:09:49
小ニンニクマシマシヤサイアブララーメン,2020/01/30 11:48:08
大アブラマシマシカラメラーメン,2020/01/30 18:56:19
大ニンニクマシヤサイマシマシアブラマシマシカラメラーメン,2020/01/31 08:24:08
大豚ニンニクヤサイマシアブラマシカラメラーメン,2020/01/31 11:43:46
小ニンニクマシマシヤサイアブララーメン,2020/01/31 18:34:53
大ヤサイマシマシアブラマシマシカラメラーメン,2020/02/01 08:11:05
小豚ニンニクマシラーメン,2020/02/01 13:30:11
小豚ニンニクマシラーメン,2020/02/01 19:46:36
小ニンニクヤサイマシマシアブラマシマシラーメン,2020/02/02 08:00:31
小豚ニンニクアブラマシマシラーメン,2020/02/02 11:21:41
大ニンニクマシヤサイアブララーメン,2020/02/02 18:43:30
大豚ヤサイマシマシアブラマシマシカラメラーメン,2020/02/03 06:13:08
大ニンニクヤサイマシアブラマシマシカラメラーメン,2020/02/03 11:07:52
小ヤサイマシアブラカラメラーメン,2020/02/03 17:21:10
大ニンニクマシマシアブラマシラーメン,2020/02/04 06:11:59
大アブラカラメラーメン,2020/02/04 12:03:51
大豚ニンニクアブラマシマシラーメン,2020/02/04 19:26:02
小豚ヤサイマシマシアブラマシマシラーメン,2020/02/05 06:29:13
小ニンニクマシマシカラメラーメン,2020/02/05 12:20:19
大ニンニクマシマシアブラマシラーメン,2020/02/05 21:03:59
大ヤサイアブラマシカラメラーメン,2020/02/06 08:04:23
大豚アブラマシラーメン,2020/02/06 10:24:03
小ニンニクヤサイマシマシアブラマシマシカラメラーメン,2020/02/06 18:40:03
小ニンニクマシヤサイアブラマシマシラーメン,2020/02/07 06:30:54
大ニンニクマシマシヤサイアブラマシマシラーメン,2020/02/07 11:13:53
小ニンニクマシマシカラメラーメン,2020/02/07 19:26:55
大豚ニンニクマシマシヤサイマシカラメラーメン,2020/02/08 05:20:38
大ヤサイマシマシカラメラーメン,2020/02/08 13:26:01
小豚ニンニクマシヤサイマシマシカラメラーメン,2020/02/08 19:25:01
大ニンニクアブララーメン,2020/02/09 07:28:39
小豚ニンニクヤサイアブラマシマシラーメン,2020/02/09 10:14:34
小豚ニンニクマシヤサイマシアブラマシマシラーメン,2020/02/09 21:39:52
小ニンニクマシヤサイアブララーメン,2020/02/10 07:21:26
大ニンニクヤサイマシマシカラメラーメン,2020/02/10 11:34:35
小豚ニンニクヤサイマシアブラカラメラーメン,2020/02/10 19:39:57
大豚ニンニクマシマシヤサイマシマシアブラマシラーメン,2020/02/11 07:16:05
小ニンニクヤサイアブラマシカラメラーメン,2020/02/11 12:01:33
大ニンニクアブラマシラーメン,2020/02/11 20:47:33
小ニンニクマシマシヤサイマシマシアブラマシカラメラーメン,2020/02/12 07:47:43
小アブラマシラーメン,2020/02/12 12:38:23
大豚ヤサイマシアブララーメン,2020/02/12 18:24:55
小豚ニンニクアブラマシカラメラーメン,2020/02/13 06:07:41
小ニンニクヤサイマシアブラマシマシカラメラーメン,2020/02/13 13:05:21
小ニンニクマシマシヤサイマシマシアブラマシラーメン,2020/02/13 20:35:44
大豚ヤサイマシマシカラメラーメン,2020/02/14 06:26:18
小ニンニクヤサイマシアブラカラメラーメン,2020/02/14 12:52:58
大ニンニクマシマシヤサイマシアブラマシマシラーメン,2020/02/14 21:05:16
大豚ニンニクマシヤサイマシアブラカラメラーメン,2020/02/15 06:27:41
小豚ニンニクマシヤサイアブラマシカラメラーメン,2020/02/15 11:17:24
大ヤサイアブラカラメラーメン,2020/02/15 18:51:01
小豚ニンニクマシヤサイマシアブラマシラーメン,2020/02/16 06:31:54
小ニンニクヤサイマシカラメラーメン,2020/02/16 11:06:27
大豚ラーメン,2020/02/16 18:26:28
大豚ニンニクヤサイマシマシカラメラーメン,2020/02/17 08:49:29
小豚ヤサイマシマシアブラカラメラーメン,2020/02/17 10:56:07
小ニンニクヤサイマシアブラカラメラーメン,2020/02/17 18:12:28
大ニンニクヤサイカラメラーメン,2020/02/18 06:22:59
大豚ニンニクヤサイアブラマシラーメン,2020/02/18 11:21:32
小ニンニクヤサイマシマシアブララーメン,2020/02/18 17:49:25
小豚ヤサイマシマシアブララーメン,2020/02/19 08:59:57
大豚ニンニクマシマシアブラカラメラーメン,2020/02/19 12:47:15
小豚ニンニクマシマシヤサイマシマシアブララーメン,2020/02/19 19:13:47
小ニンニクアブラマシラーメン,2020/02/20 06:32:39
大豚ニンニクヤサイラーメン,2020/02/20 11:41:00
大豚ニンニクヤサイマシマシアブラマシカラメラーメン,2020/02/20 19:50:59
小ニンニクマシヤサイマシマシアブラカラメラーメン,2020/02/21 06:51:57
小ニンニクマシマシアブラマシカラメラーメン,2020/02/21 11:26:05
小ニンニクアブラマシマシラーメン,2020/02/21 18:42:07
小豚ヤサイマシカラメラーメン,2020/02/22 05:33:32
小豚ニンニクマシマシアブラマシマシラーメン,2020/02/22 11:05:50
小豚ニンニクマシマシヤサイマシアブラマシカラメラーメン,2020/02/22 18:03:21
小豚ニンニクマシマシヤサイマシアブラマシラーメン,2020/02/23 07:27:55
大ニンニクマシマシヤサイマシアブラマシマシカラメラーメン,2020/02/23 11:00:07
小ヤサイマシカラメラーメン,2020/02/23 19:36:18
小豚ヤサイラーメン,2020/02/24 05:56:45
大ヤサイマシアブラマシマシラーメン,2020/02/24 11:12:44
小ニンニクマシアブラマシカラメラーメン,2020/02/24 17:33:57
大ニンニクヤサイラーメン,2020/02/25 09:04:35
小豚ニンニクヤサイマシラーメン,2020/02/25 12:37:23
大豚ヤサイマシアブラマシマシラーメン,2020/02/25 17:41:51
大ニンニクヤサイマシマシアブラマシカラメラーメン,2020/02/26 06:13:13
小ヤサイマシアブラマシラーメン,2020/02/26 11:08:15
大ヤサイマシラーメン,2020/02/26 18:31:16
大ニンニクマシマシヤサイマシカラメラーメン,2020/02/27 06:03:29
小豚ニンニクヤサイマシマシアブラマシラーメン,2020/02/27 11:10:56
小豚ヤサイアブララーメン,2020/02/27 20:21:14
小豚アブラマシラーメン,2020/02/28 08:23:01
大豚アブララーメン,2020/02/28 11:50:48
大ヤサイアブラマシラーメン,2020/02/28 19:46:14
大ニンニクマシマシヤサイマシラーメン,2020/02/29 06:45:00
大ニンニクマシアブラカラメラーメン,2020/02/29 10:36:45
小ニンニクアブララーメン,2020/02/29 19:38:26
小ニンニクマシヤサイラーメン,2020/03/01 07:21:25
大豚ニンニクカラメラーメン,2020/03/01 12:14:16
大豚ニンニクマシヤサイカラメラーメン,2020/03/01 18:48:27
小豚ヤサイアブララーメン,2020/03/02 07:37:16
小豚ニンニクマシヤサイマシアブラカラメラーメン,2020/03/02 13:11:26
小豚ラーメン,2020/03/02 17:20:13
大ニンニクマシヤサイマシマシアブラマシラーメン,2020/03/03 06:08:08
大豚ニンニクラーメン,2020/03/03 10:27:22
小豚ニンニクマシマシヤサイマシマシラーメン,2020/03/03 17:59:33
大豚ヤサイマシマシアブラマシマシラーメン,2020/03/04 07:18:12
小ニンニクマシマシヤサイマシアブラカラメラーメン,2020/03/04 11:09:54
大ヤサイアブラマシマシカラメラーメン,2020/03/04 19:44:03
大豚ニンニクヤサイマシアブラマシマシラーメン,2020/03/05 06:58:04
小ヤサイマシマシラーメン,2020/03/05 12:10:40
小豚ニンニクマシヤサイカラメラーメン,2020/03/05 18:53:47
小カラメラーメン,2020/03/06 05:34:27
小ニンニクヤサイアブラカラメラーメン,2020/03/06 10:35:22
小ニンニクマシヤサイラーメン,2020/03/06 18:31:58
大ヤサイマシアブラカラメラーメン,2020/03/07 06:53:59
小ニンニクヤサイマシマシアブラマシカラメラーメン,2020/03/07 09:32:49
大豚ニンニクマシヤサイマシマシラーメン,2020/03/07 18:54:32
小ニンニクマシマシヤサイマシマシカラメラーメン,2020/03/08 05:40:04
大豚ニンニクヤサイマシマシアブラカラメラーメン,2020/03/08 13:06:35
大ニンニクマシヤサイアブラマシラーメン,2020/03/08 19:44:57
小豚ニンニクマシマシヤサイマシマシアブラマシマシラーメン,2020/03/09 05:53:26
大ニンニクマシマシカラメラーメン,2020/03/09 11:46:43
大豚ニンニクヤサイマシマシアブラカラメラーメン,2020/03/09 19:32:31
小豚ヤサイアブラマシカラメラーメン,2020/03/10 05:33:49
小ニンニクマシマシアブラカラメラーメン,2020/03/10 12:11:23
小ニンニクカラメラーメン,2020/03/10 18:43:24
大ニンニクヤサイマシアブラマシラーメン,2020/03/11 07:05:06
大豚ニンニクヤサイマシマシカラメラーメン,2020/03/11 10:06:41
小ニンニクマシマシヤサイアブラカラメラーメン,2020/03/11 20:20:53
小豚ニンニクマシアブラマシカラメラーメン,2020/03/12 05:12:43
小豚アブラマシマシカラメラーメン,2020/03/12 11:24:30
小ニンニクマシヤサイラーメン,2020/03/12 18:26:26
小豚ニンニクマシマシヤサイマシマシラーメン,2020/03/13 05:27:48
大豚ニンニクヤサイアブラマシマシカラメラーメン,2020/03/13 11:48:20
小豚ニンニクアブラマシカラメラーメン,2020/03/13 20:42:01
大ニンニクヤサイマシアブララーメン,2020/03/14 06:51:51
小豚ヤサイラーメン,2020/03/14 11:36:34
小豚ニンニクマシアブラマシマシカラメラーメン,2020/03/14 18:30:53
小ニンニクヤサイカラメラーメン,2020/03/15 06:02:42
大豚ニンニクマシヤサイマシマシアブラカラメラーメン,2020/03/15 11:08:19
大豚ニンニクアブラカラメラーメン,2020/03/15 17:56:25
小豚ニンニクアブララーメン,2020/03/16 07:03:30
大豚ニンニクヤサイアブララーメン,2020/03/16 11:31:11
小豚ラーメン,2020/03/16 17:44:51
大ニンニクマシマシヤサイマシラーメン,2020/03/17 08:44:57
大ヤサイマシマシラーメン,2020/03/17 13:54:55
小ニンニクヤサイマシマシラーメン,2020/03/17 19:22:31
大ヤサイアブラマシラーメン,2020/03/18 07:49:44
小豚ニンニクマシマシヤサイアブラカラメラーメン,2020/03/18 12:40:03
大豚ニンニクマシマシヤサイマシアブララーメン,2020/03/18 18:39:39
大ニンニクマシマシヤサイアブラマシマシカラメラーメン,2020/03/19 07:11:04
小豚ニンニクマシラーメン,2020/03/19 12:10:42
小ニンニクマシアブラマシカラメラーメン,2020/03/19 17:56:28
小豚ニンニクアブラマシマシラーメン,2020/03/20 06:05:46
小豚ニンニクマシマシヤサイマシアブラマシカラメラーメン,2020/03/20 13:11:49
小ニンニクマシヤサイアブララーメン,2020/03/20 17:23:54
小豚ヤサイマシマシラーメン,2020/03/21 05:20:08
小ニンニクマシヤサイマシマシアブラマシラーメン,2020/03/21 10:25:17
大豚ニンニクヤサイマシマシアブララーメン,2020/03/21 19:36:13
小豚ニンニクヤサイマシアブラマシラーメン,2020/03/22 08:07:08
小豚ニンニクマシカラメラーメン,2020/03/22 10:47:23
大ニンニクマシマシヤサイマシマシカラメラーメン,2020/03/22 19:19:28
小ニンニクマシヤサイマシカラメラーメン,2020/03/23 07:22:51
小ニンニクマシアブラマシマシカラメラーメン,2020/03/23 10:22:24
小ニンニクマシマシアブラマシマシラーメン,2020/03/23 19:41:15
大豚ニンニクマシヤサイマシカラメラーメン,2020/03/24 08:46:10
小豚ヤサイマシマシアブララーメン,2020/03/24 12:21:42
大ニンニクマシヤサイアブラマシラーメン,2020/03/24 17:32:09
小豚ニンニクヤサイマシマシアブラマシマシカラメラーメン,2020/03/25 08:14:44
大ニンニクヤサイマシマシアブラマシラーメン,2020/03/25 09:31:44
小豚ニンニクヤサイマシアブラマシカラメラーメン,2020/03/25 18:42:35
小豚ヤサイアブララーメン,2020/03/26 05:00:09
大ニンニクマシヤサイアブラマシマシカラメラーメン,2020/03/26 11:26:06
大豚ニンニクヤサイラーメン,2020/03/26 18:43:30
小ニンニクヤサイマシアブラマシカラメラーメン,2020/03/27 06:12:15
大豚ニンニクヤサイマシアブラマシマシラーメン,2020/03/27 11:47:27
小豚ニンニクヤサイアブララーメン,2020/03/27 19:08:17
大豚ニンニクマシマシヤサイマシマシアブラカラメラーメン,2020/03/28 08:16:02
大豚ニンニクマシマシヤサイマシマシラーメン,2020/03/28 11:20:11
小豚ニンニクヤサイカラメラーメン,2020/03/28 20:23:34
小ニンニクマシマシアブラカラメラーメン,2020/03/29 07:18:52
大ヤサイマシアブラマシマシラーメン,2020/03/29 11:34:49
小豚ヤサイアブラカラメラーメン,2020/03/29 19:50:08
小豚ヤサイマシアブラマシカラメラーメン,2020/03/30 06:35:48
小ニンニクヤサイマシマシアブラカラメラーメン,2020/03/30 12:02:08
小ニンニクマシマシアブラマシマシラーメン,2020/03/30 19:38:01
大豚ニンニクラーメン,2020/03/31 07:32:50
小ニンニクマシアブラマシカラメラーメン,2020/03/31 11:11:01
小ニンニクアブラマシカラメラーメン,2020/03/31 18:51:54
小ニンニクマシヤサイアブラマシマシラーメン,2020/04/01 05:51:17
大豚ニンニクマシマシヤサイマシマシアブラマシマシカラメラーメン,2020/04/01 12:31:22
小ヤサイアブラマシカラメラーメン,2020/04/01 19:40:01
大ニンニクヤサイマシマシアブラカラメラーメン,2020/04/02 08:04:33
大豚ニンニクマシヤサイマシマシアブラマシマシカラメラーメン,2020/04/02 11:22:06
小豚ニンニクマシヤサイアブラマシカラメラーメン,2020/04/02 18:46:07
小ヤサイマシアブラマシカラメラーメン,2020/04/03 09:17:55
小ニンニクマシアブラマシマシラーメン,2020/04/03 12:17:35
小豚ニンニクヤサイアブララーメン,2020/04/03 19:33:42
大ニンニクマシマシヤサイアブラマシカラメラーメン,2020/04/04 05:22:04
大ニンニクマシヤサイマシアブラマシマシカラメラーメン,2020/04/04 11:48:52
小豚ヤサイマシアブララーメン,2020/04/04 19:37:49
大ニンニクマシヤサイマシアブラカラメラーメン,2020/04/05 08:06:34
小豚ニンニクマシヤサイラーメン,2020/04/05 12:12:55
大ニンニクマシヤサイラーメン,2020/04/05 18:13:55
大豚ニンニクアブラマシマシカラメラーメン,2020/04/06 06:14:50
小豚ヤサイマシアブラマシマシカラメラーメン,2020/04/06 12:00:23
大ヤサイマシマシラーメン,2020/04/06 18:35:17
小豚ニンニクマシヤサイマシマシラーメン,2020/04/07 06:21:32
小豚ニンニクマシマシヤサイアブラマシマシカラメラーメン,2020/04/07 12:41:49
小豚ヤサイマシマシアブラマシラーメン,2020/04/07 18:58:03
小ニンニクアブラマシカラメラーメン,2020/04/08 05:37:48
小豚ニンニクマシヤサイマシマシアブラマシカラメラーメン,2020/04/08 10:46:11
大豚ニンニクマシマシヤサイマシアブラマシラーメン,2020/04/08 19:23:31
小ニンニクマシマシヤサイアブラマシマシカラメラーメン,2020/04/09 06:00:56
大豚ニンニクマシヤサイアブラマシラーメン,2020/04/09 11:57:19
小豚ニンニクマシマシヤサイマシアブラカラメラーメン,2020/04/09 18:16:50
大ニンニクマシヤサイアブラマシマシラーメン,2020/04/10 06:32:18
小豚ニンニクマシカラメラーメン,2020/04/10 10:47:35
大ニンニクマシアブラカラメラーメン,2020/04/10 18:57:10
大ニンニクヤサイアブララーメン,2020/04/11 06:05:54
小豚ニンニクマシヤサイマシマシラーメン,2020/04/11 12:00:58
大ニンニクマシヤサイマシアブララーメン,2020/04/11 17:39:19
小豚ニンニクマシヤサイマシマシアブラマシカラメラーメン,2020/04/12 07:34:33
小アブラマシカラメラーメン,2020/04/12 11:30:45
大ニンニクマシマシヤサイマシマシアブララーメン,2020/04/12 19:02:10
大ニンニクマシマシカラメラーメン,2020/04/13 06:21:52
小豚ニンニクヤサイマシアブラカラメラーメン,2020/04/13 10:12:51
小豚ニンニクマシマシヤサイマシマシアブララーメン,2020/04/13 19:37:26
大ニンニクマシマシヤサイアブラマシカラメラーメン,2020/04/14 06:42:59
小豚ニンニクヤサイアブラマシマシラーメン,2020/04/14 12:17:05
小ヤサイマシアブラマシカラメラーメン,2020/04/14 19:56:53
大ヤサイマシマシアブラマシラーメン,2020/04/15 07:26:56
大ヤサイマシカラメラーメン,2020/04/15 13:01:48
大豚ヤサイマシマシアブラカラメラーメン,2020/04/15 19:30:52
小ヤサイマシアブラマシカラメラーメン,2020/04/16 06:25:51
小ニンニクマシヤサイマシマシアブラマシマシカラメラーメン,2020/04/16 12:56:28
小豚ヤサイマシマシアブラカラメラーメン,2020/04/16 20:35:52
小アブラマシカラメラーメン,2020/04/17 07:05:23
大ニンニクマシマシヤサイマシマシアブラカラメラーメン,2020/04/17 11:10:11
小豚ニンニクヤサイアブラマシマシラーメン,2020/04/17 19:51:05
小ニンニクマシマシヤサイマシアブラマシカラメラーメン,2020/04/18 06:15:35
小豚ヤサイアブラカラメラーメン,2020/04/18 11:36:43
小ニンニクマシマシヤサイアブラカラメラーメン,2020/04/18 19:59:08
大豚ヤサイマシアブラカラメラーメン,2020/04/19 07:51:45
大豚ニンニクマシマシヤサイマシマシアブラマシマシカラメラーメン,2020/04/19 11:35:05
大豚ニンニクマシマシヤサイマシカラメラーメン,2020/04/19 19:08:02
大ニンニクラーメン,2020/04/20 07:57:48
小豚ニンニクヤサイマシマシアブララーメン,2020/04/20 13:34:36
大ニンニクアブラマシマシカラメラーメン,2020/04/20 18:10:51
小豚ニンニクマシヤサイアブラマシカラメラーメン,2020/04/21 07:43:05
小豚ニンニクマシラーメン,2020/04/21 15:03:01
大ヤサイマシマシラーメン,2020/04/21 19:30:59
大豚ニンニクヤサイアブラマシマシカラメラーメン,2020/04/22 06:28:37
小豚ニンニクヤサイマシマシカラメラーメン,2020/04/22 11:27:25
小豚ニンニクマシヤサイラーメン,2020/04/22 18:58:11
大ヤサイマシアブラカラメラーメン,2020/04/23 06:43:11
大ヤサイマシアブラマシマシカラメラーメン,2020/04/23 11:35:34
大ニンニクマシマシアブラマシマシラーメン,2020/04/23 18:12:48
小豚ニンニクマシマシヤサイマシカラメラーメン,2020/04/24 06:02:05
大ニンニクマシヤサイマシアブラマシカラメラーメン,2020/04/24 12:25:16
大豚ニンニクマシヤサイマシカラメラーメン,2020/04/24 18:34:45
大ニンニクヤサイマシアブラマシカラメラーメン,2020/04/25 06:42:09
小豚ニンニクマシマシアブラマシカラメラーメン,2020/04/25 14:16:11
大ヤサイアブラマシマシラーメン,2020/04/25 19:28:21
小ヤサイアブララーメン,2020/04/26 07:23:25
小ニンニクマシヤサイマシマシアブラマシカラメラーメン,2020/04/26 11:14:57
大豚ヤサイマシマシアブラマシマシカラメラーメン,2020/04/26 18:20:09
大豚ニンニクマシマシヤサイアブララーメン,2020/04/27 08:25:04
小豚ニンニクマシマシヤサイマシマシアブラカラメラーメン,2020/04/27 11:47:02
大ニンニクマシカラメラーメン,2020/04/27 20:43:58
大豚ニンニクヤサイマシマシカラメラーメン,2020/04/28 06:30:28
大豚ニンニクマシヤサイマシアブラマシカラメラーメン,2020/04/28 10:28:56
大豚ニンニクヤサイマシマシカラメラーメン,2020/04/28 19:31:39
小豚ニンニクアブラマシカラメラーメン,2020/04/29 05:52:31
小ニンニクマシヤサイラーメン,2020/04/29 13:01:00
大ニンニクアブラマシマシラーメン,2020/04/29 17:54:51
小豚ニンニクアブラマシマシカラメラーメン,2020/04/30 07:08:10
小豚ニンニクマシカラメラーメン,2020/04/30 11:48:19
小ヤサイアブララーメン,2020/04/30 17:24:21
小ニンニクマシヤサイマシラーメン,2020/05/01 06:40:43
小豚ニンニクヤサイマシマシアブラマシマシラーメン,2020/05/01 14:09:19
大ヤサイマシマシラーメン,2020/05/01 18:01:14
大ヤサイラーメン,2020/05/02 06:32:41
小豚ニンニクマシヤサイアブララーメン,2020/05/02 12:33:04
大ヤサイマシマシカラメラーメン,2020/05/02 20:04:15
大ニンニクマシマシヤサイマシマシアブララーメン,2020/05/03 06:19:00
小ニンニクマシマシヤサイマシアブラマシマシラーメン,2020/05/03 12:30:25
大ニンニクマシマシヤサイマシアブララーメン,2020/05/03 18:05:30
大豚ニンニクヤサイマシマシアブラマシカラメラーメン,2020/05/04 07:14:24
大ニンニクマシマシアブラマシマシカラメラーメン,2020/05/04 12:55:52
小ニンニクマシヤサイマシマシアブラカラメラーメン,2020/05/04 18:36:55
大ニンニクマシマシヤサイマシアブラマシマシラーメン,2020/05/05 05:03:43
大ニンニクアブラカラメラーメン,2020/05/05 13:30:43
小豚カラメラーメン,2020/05/05 20:10:04
大豚ニンニクアブラマシカラメラーメン,2020/05/06 07:25:52
小豚ニンニクマシマシカラメラーメン,2020/05/06 11:15:28
小豚ニンニクヤサイマシマシアブララーメン,2020/05/06 18:37:57
小ニンニクアブラマシラーメン,2020/05/07 07:02:47
大豚ニンニクマシマシアブラマシマシラーメン,2020/05/07 11:56:14
大ニンニクマシマシヤサイマシアブラマシマシカラメラーメン,2020/05/07 22:16:25
小ニンニクマシヤサイマシマシアブララーメン,2020/05/08 04:39:05
大ニンニクヤサイカラメラーメン,2020/05/08 12:11:54
小豚ニンニクマシマシアブラマシラーメン,2020/05/08 19:27:35
大ニンニクマシヤサイアブラマシカラメラーメン,2020/05/09 06:01:27
小豚ニンニクマシマシヤサイマシアブラマシラーメン,2020/05/09 11:24:19
大ヤサイカラメラーメン,2020/05/09 19:00:30
大豚ニンニクヤサイアブラカラメラーメン,2020/05/10 07:40:46
小ニンニクヤサイアブララーメン,2020/05/10 12:05:11
大ニンニクマシヤサイマシアブララーメン,2020/05/10 18:59:45
小ニンニクマシマシヤサイマシマシアブラマシカラメラーメン,2020/05/11 06:27:58
小ニンニクマシヤサイカラメラーメン,2020/05/11 10:25:48
小ニンニクマシマシヤサイアブラマシラーメン,2020/05/11 18:39:39
小豚ニンニクマシマシアブラマシラーメン,2020/05/12 09:03:05
大豚ニンニクヤサイカラメラーメン,2020/05/12 11:11:48
小豚ニンニクヤサイアブララーメン,2020/05/12 19:51:04
大ニンニクマシマシヤサイマシラーメン,2020/05/13 07:11:46
大豚ニンニクマシヤサイカラメラーメン,2020/05/13 13:01:23
小ヤサイアブラカラメラーメン,2020/05/13 19:09:12
大豚ニンニクマシマシヤサイマシラーメン,2020/05/14 05:51:07
大豚ニンニクマシマシアブラマシカラメラーメン,2020/05/14 11:35:36
大豚ヤサイマシマシアブラカラメラーメン,2020/05/14 19:09:19
小ニンニクマシマシヤサイアブラマシラーメン,2020/05/15 07:46:38
大ニンニクヤサイマシマシアブラマシマシラーメン,2020/05/15 11:29:57
小豚ヤサイマシカラメラーメン,2020/05/15 20:36:04
大豚アブラマシマシラーメン,2020/05/16 06:23:39
大豚ニンニクヤサイカラメラーメン,2020/05/16 13:10:13
小豚ニンニクヤサイマシマシカラメラーメン,2020/05/16 19:05:55
大ニンニクマシヤサイマシアブラカラメラーメン,2020/05/17 07:56:52
大豚ニンニクマシマシヤサイカラメラーメン,2020/05/17 13:24:08
小豚カラメラーメン,2020/05/17 18:23:12
小豚ニンニクヤサイマシアブラマシラーメン,2020/05/18 08:16:43
大ニンニクマシマシアブラカラメラーメン,2020/05/18 12:05:35
小アブラマシカラメラーメン,2020/05/18 20:58:45
小ヤサイアブラマシマシラーメン,2020/05/19 05:13:25
大ニンニクマシヤサイマシアブラマシラーメン,2020/05/19 10:49:31
小ニンニクヤサイマシマシアブラマシマシラーメン,2020/05/19 19:15:00
大豚ニンニクマシマシアブララーメン,2020/05/20 06:48:41
大豚ニンニクマシマシアブラカラメラーメン,2020/05/20 13:01:37
大ヤサイマシラーメン,2020/05/20 17:59:41
小ニンニクマシマシヤサイマシアブラカラメラーメン,2020/05/21 07:10:47
大ヤサイアブラマシカラメラーメン,2020/05/21 10:03:24
小ニンニクマシマシヤサイアブラマシマシカラメラーメン,2020/05/21 18:47:39
大豚ヤサイマシマシアブラマシカラメラーメン,2020/05/22 07:31:51
小ニンニクマシマシヤサイマシアブラマシカラメラーメン,2020/05/22 12:34:51
小ニンニクマシマシヤサイマシマシアブラマシマシカラメラーメン,2020/05/22 20:05:03
大豚ニンニクカラメラーメン,2020/05/23 06:32:26
大豚ニンニクヤサイマシマシアブラマシマシカラメラーメン,2020/05/23 11:57:12
小ニンニクマシヤサイマシアブラマシカラメラーメン,2020/05/23 17:30:22
大豚ニンニクヤサイマシマシアブラマシカラメラーメン,2020/05/24 07:49:45
大豚ニンニクヤサイアブラマシラーメン,2020/05/24 11:46:00
小ニンニクマシマシヤサイアブラカラメラーメン,2020/05/24 19:52:08
小ニンニクヤサイアブラマシラーメン,2020/05/25 08:22:49
小ニンニクアブラマシマシカラメラーメン,2020/05/25 12:03:02
小豚ニンニクマシヤサイマシマシラーメン,2020/05/25 18:58:34
小ニンニクマシヤサイアブラカラメラーメン,2020/05/26 08:05:19
小ヤサイマシマシラーメン,2020/05/26 11:31:11
大ヤサイマシアブラマシマシラーメン,2020/05/26 17:49:07
大豚ヤサイアブラマシマシラーメン,2020/05/27 05:53:32
小豚アブラマシカラメラーメン,2020/05/27 12:35:59
小ヤサイマシアブラカラメラーメン,2020/05/27 20:29:13
大豚ニンニクマシマシアブラマシマシラーメン,2020/05/28 06:57:35
大ニンニクマシアブラマシラーメン,2020/05/28 11:24:31
大ニンニクマシヤサイマシマシアブラカラメラーメン,2020/05/28 17:37:40
小豚ニンニクマシヤサイマシマシカラメラーメン,2020/05/29 04:44:13
大ニンニクマシマシヤサイマシマシアブラマシマシラーメン,2020/05/29 11:18:55
小ニンニクマシヤサイマシマシアブラマシマシカラメラーメン,2020/05/29 20:20:16
小豚ニンニクアブララーメン,2020/05/30 08:18:33
小豚ニンニクマシマシラーメン,2020/05/30 11:00:54
小ニンニクマシヤサイマシマシラーメン,2020/05/30 19:18:58
大ニンニクマシヤサイマシカラメラーメン,2020/05/31 08:46:09
小ヤサイラーメン,2020/05/31 13:10:50
大豚ニンニクマシマシヤサイマシマシアブラマシマシラーメン,2020/05/31 20:49:44
小豚ニンニクマシアブラカラメラーメン,2020/06/01 05:00:26
小豚アブラマシラーメン,2020/06/01 11:52:26
小ヤサイマシマシアブラマシラーメン,2020/06/01 18:55:30
大豚ニンニクマシヤサイマシマシアブララーメン,2020/06/02 06:38:16
大ニンニクヤサイラーメン,2020/06/02 13:25:53
小アブラマシカラメラーメン,2020/06/02 19:35:37
大豚ニンニクマシマシヤサイアブラマシカラメラーメン,2020/06/03 07:49:13
小ニンニクマシマシヤサイマシアブラマシマシラーメン,2020/06/03 11:36:41
小豚ヤサイマシマシアブララーメン,2020/06/03 19:19:49
小豚ニンニクマシマシカラメラーメン,2020/06/04 05:21:22
大豚ヤサイカラメラーメン,2020/06/04 11:13:32
小ニンニクヤサイマシラーメン,2020/06/04 18:49:04
小豚ヤサイアブラカラメラーメン,2020/06/05 05:41:27
大ニンニクマシマシヤサイアブラマシラーメン,2020/06/05 11:27:15
大ニンニクヤサイアブラマシマシカラメラーメン,2020/06/05 19:56:17
大アブラマシマシカラメラーメン,2020/06/06 06:23:12
小豚ニンニクマシマシヤサイカラメラーメン,2020/06/06 12:13:42
大ニンニクマシヤサイマシマシラーメン,2020/06/06 19:45:42
大ニンニクヤサイマシアブラマシマシラーメン,2020/06/07 05:44:44
小豚ニンニクヤサイマシアブラカラメラーメン,2020/06/07 12:48:38
大ニンニクヤサイマシマシラーメン,2020/06/07 17:53:04
大豚ニンニクヤサイマシアブララーメン,2020/06/08 06:56:49
小豚ヤサイラーメン,2020/06/08 11:29:01
大アブラマシマシラーメン,2020/06/08 20:27:34
大豚ヤサイマシマシカラメラーメン,2020/06/09 08:45:20
小アブラマシラーメン,2020/06/09 11:16:50
小豚ヤサイマシアブラマシマシカラメラーメン,2020/06/09 19:08:39
小ニンニクマシマシアブラマシマシラーメン,2020/06/10 08:14:04
小ヤサイアブラマシマシカラメラーメン,2020/06/10 12:43:52
大豚ニンニクヤサイマシアブラカラメラーメン,2020/06/10 18:46:44
大ニンニクヤサイマシマシアブラマシマシカラメラーメン,2020/06/11 07:29:39
小ニンニクヤサイマシラーメン,2020/06/11 09:38:23
大豚ニンニクマシアブラマシカラメラーメン,2020/06/11 19:08:01
大ヤサイマシアブラマシラーメン,2020/06/12 05:11:44
大豚ニンニクラーメン,2020/06/12 12:07:18
大豚ニンニクヤサイマシマシアブラマシラーメン,2020/06/12 20:24:53
小豚ニンニクマシアブラマシカラメラーメン,2020/06/13 07:25:59
大ニンニクマシラーメン,2020/06/13 13:20:34
大ニンニクマシヤサイマシラーメン,2020/06/13 20:34:29
大ニンニクマシヤサイアブラカラメラーメン,2020/06/14 07:40:37
小豚ニンニクヤサイマシアブラマシマシラーメン,2020/06/14 12:36:07
大ヤサイアブラカラメラーメン,2020/06/14 19:35:51
小ニンニクヤサイマシマシアブラマシマシカラメラーメン,2020/06/15 08:02:43
小ニンニクマシヤサイマシアブラマシマシラーメン,2020/06/15 12:56:11
大ニンニクヤサイマシマシアブラマシラーメン,2020/06/15 19:06:17
大豚ニンニクマシマシアブラマシマシカラメラーメン,2020/06/16 06:57:01
小豚ニンニクマシマシヤサイカラメラーメン,2020/06/16 11:58:17
大豚ニンニクマシマシヤサイマシアブラマシマシカラメラーメン,2020/06/16 20:48:56
小豚ニンニクマシヤサイラーメン,2020/06/17 07:37:04
大ヤサイマシマシアブラマシマシラーメン,2020/06/17 11:05:00
大豚ニンニクマシヤサイマシアブラマシラーメン,2020/06/17 19:16:58
大豚ニンニクマシマシヤサイマシアブラマシマシカラメラーメン,2020/06/18 06:31:38
小豚ニンニクヤサイマシアブラマシラーメン,2020/06/18 11:47:22
大豚ヤサイアブラマシマシラーメン,2020/06/18 19:13:51
大ニンニクヤサイマシマシカラメラーメン,2020/06/19 06:45:13
大ニンニクヤサイアブラカラメラーメン,2020/06/19 12:01:20
大豚ニンニクマシヤサイアブララーメン,2020/06/19 18:26:53
小ヤサイマシカラメラーメン,2020/06/20 08:14:38
大ヤサイマシアブラマシラーメン,2020/06/20 11:27:08
大豚ニンニクマシヤサイマシアブラマシマシカラメラーメン,2020/06/20 18:29:07
小豚ニンニクマシヤサイマシマシカラメラーメン,2020/06/21 07:37:23
小豚ニンニクマシヤサイアブラマシカラメラーメン,2020/06/21 12:02:51
小ヤサイアブラマシカラメラーメン,2020/06/21 17:24:08
小ニンニクヤサイカラメラーメン,2020/06/22 06:07:23
小豚ニンニクマシマシヤサイマシマシアブラマシマシラーメン,2020/06/22 12:30:41
大豚ニンニクマシアブラマシラーメン,2020/06/22 18:58:09
小豚ニンニクマシラーメン,2020/06/23 06:00:03
小豚ニンニクマシマシヤサイマシアブララーメン,2020/06/23 13:37:08
大ヤサイマシマシアブララーメン,2020/06/23 20:02:23
小豚ニンニクマシアブラマシマシラーメン,2020/06/24 06:55:36
小ニンニクマシヤサイマシアブラマシカラメラーメン,2020/06/24 13:47:11
大ヤサイマシラーメン,2020/06/24 18:10:27
小ニンニクヤサイマシマシアブラマシマシカラメラーメン,2020/06/25 06:57:44
大ニンニクヤサイラーメン,2020/06/25 11:08:00
大豚ニンニクマシヤサイラーメン,2020/06/25 18:16:23
小ニンニクマシマシヤサイマシラーメン,2020/06/26 06:28:41
小豚ヤサイアブラマシマシカラメラーメン,2020/06/26 11:37:40
小豚ニンニクヤサイマシアブラマシマシカラメラーメン,2020/06/26 19:30:31
小ニンニクマシマシアブラマシマシカラメラーメン,2020/06/27 07:39:35
小ニンニクヤサイマシアブラマシマシカラメラーメン,2020/06/27 11:59:21
小豚ニンニクマシヤサイマシマシアブラマシカラメラーメン,2020/06/27 19:27:33
小ニンニクヤサイマシマシラーメン,2020/06/28 06:02:55
小ニンニクマシマシヤサイマシマシラーメン,2020/06/28 12:28:18
小アブララーメン,2020/06/28 20:19:40
小豚ニンニクマシアブラマシマシラーメン,2020/06/29 05:16:31
小豚ヤサイマシマシアブラマシマシラーメン,2020/06/29 13:21:58
大ニンニクマシヤサイマシカラメラーメン,2020/06/29 18:15:56
大豚ニンニクヤサイラーメン,2020/06/30 05:34:36
大ニンニクマシマシヤサイマシマシラーメン,2020/06/30 13:23:38
小豚ニンニクマシマシヤサイマシアブラマシマシラーメン,2020/06/30 19:20:43
大ニンニクマシマシヤサイマシマシアブララーメン,2020/07/01 07:30:00
大ニンニクマシヤサイマシアブララーメン,2020/07/01 11:51:59
小ニンニクマシマシヤサイアブララーメン,2020/07/01 19:39:18
大ヤサイマシマシアブラマシマシラーメン,2020/07/02 08:19:07
小豚ニンニクマシマシヤサイマシカラメラーメン,2020/07/02 11:51:06
小ヤサイマシマシカラメラーメン,2020/07/02 20:34:44
小ニンニクマシヤサイマシアブラマシラーメン,2020/07/03 07:59:42
大豚ニンニクマシマシヤサイマシマシアブラマシカラメラーメン,2020/07/03 11:57:25
大豚ニンニクマシヤサイマシアブラマシマシカラメラーメン,2020/07/03 19:16:26
大ニンニクマシヤサイマシカラメラーメン,2020/07/04 08:09:03
大豚ニンニクマシマシヤサイマシアブララーメン,2020/07/04 12:47:48
大ニンニクマシマシヤサイカラメラーメン,2020/07/04 19:47:10
小豚ニンニクマシヤサイマシアブラマシマシカラメラーメン,2020/07/05 07:26:41
小アブラカラメラーメン,2020/07/05 12:08:26
大豚アブラマシカラメラーメン,2020/07/05 18:39:30
小豚ニンニクヤサイマシカラメラーメン,2020/07/06 06:14:17
小豚ニンニクマシマシヤサイマシアブラマシカラメラーメン,2020/07/06 11:55:50
大豚ヤサイマシマシアブラカラメラーメン,2020/07/06 19:40:50
小豚ニンニクマシマシヤサイマシマシカラメラーメン,2020/07/07 07:26:16
大豚ニンニクヤサイラーメン,2020/07/07 11:42:32
大ニンニクマシヤサイアブラマシマシカラメラーメン,2020/07/07 18:27:59
大豚ニンニクヤサイマシマシカラメラーメン,2020/07/08 06:48:47
小ニンニクマシアブラマシカラメラーメン,2020/07/08 12:01:00
大豚ニンニクマシマシヤサイアブラマシマシラーメン,2020/07/08 17:16:27
大豚ニンニクマシアブララーメン,2020/07/09 07:03:35
大ヤサイマシマシラーメン,2020/07/09 12:04:49
小豚ニンニクマシマシヤサイマシアブラマシマシラーメン,2020/07/09 17:45:41
大ニンニクヤサイマシラーメン,2020/07/10 06:53:53
小豚ヤサイマシマシアブラマシマシラーメン,2020/07/10 12:08:09
大豚ニンニクマシアブラカラメラーメン,2020/07/10 18:01:14
大豚ニンニクヤサイアブラマシカラメラーメン,2020/07/11 08:05:12
小豚アブラカラメラーメン,2020/07/11 11:20:50
小豚ニンニクマシヤサイマシマシアブラマシマシカラメラーメン,2020/07/11 19:26:08
大ニンニクマシマシヤサイマシマシアブラカラメラーメン,2020/07/12 06:30:45
大ヤサイマシアブラマシマシカラメラーメン,2020/07/12 11:56:28
小豚ニンニクヤサイマシマシアブラマシカラメラーメン,2020/07/12 19:21:45
小豚ヤサイアブララーメン,2020/07/13 07:04:17
小豚アブラマシカラメラーメン,2020/07/13 12:27:13
小ヤサイマシマシラーメン,2020/07/13 19:17:52
大豚ニンニクマシマシヤサイマシマシアブラマシカラメラーメン,2020/07/14 07:48:06
小豚ニンニクヤサイアブラマシラーメン,2020/07/14 14:53:14
大豚ニンニクマシヤサイマシマシアブラマシカラメラーメン,2020/07/14 19:54:49
小ニンニクマシヤサイアブラマシラーメン,2020/07/15 06:17:02
大ニンニクヤサイマシマシアブラマシラーメン,2020/07/15 12:33:58
大豚ニンニクヤサイマシアブラカラメラーメン,2020/07/15 19:08:51
小豚ニンニクマシヤサイマシマシアブラマシマシカラメラーメン,2020/07/16 07:50:58
大豚ニンニクヤサイマシマシアブラマシカラメラーメン,2020/07/16 11:52:49
小豚ニンニクアブラマシカラメラーメン,2020/07/16 18:26:53
大豚ラーメン,2020/07/17 06:49:33
大豚ヤサイマシアブラマシラーメン,2020/07/17 11:09:12
大豚ニンニクヤサイカラメラーメン,2020/07/17 18:11:43
大豚ニンニクマシマシヤサイマシマシアブラカラメラーメン,2020/07/18 05:02:40
小ヤサイマシアブラマシカラメラーメン,2020/07/18 11:09:58
小ヤサイマシアブラマシカラメラーメン,2020/07/18 19:33:22
大ニンニクマシヤサイマシマシアブラマシカラメラーメン,2020/07/19 06:10:23
大豚ニンニクマシマシヤサイマシマシアブララーメン,2020/07/19 12:43:29
小豚ニンニクマシカラメラーメン,2020/07/19 16:59:02
大ニンニクマシアブララーメン,2020/07/20 08:01:58
小豚ニンニクマシヤサイマシアブラマシマシラーメン,2020/07/20 12:07:27
大豚ニンニクマシマシヤサイマシマシアブラマシラーメン,2020/07/20 18:27:08
大豚ニンニクマシマシヤサイアブララーメン,2020/07/21 07:38:15
小ニンニクマシマシアブララーメン,2020/07/21 11:59:19
小ニンニクヤサイマシアブラマシラーメン,2020/07/21 18:44:13
大ニンニクマシヤサイマシアブラマシカラメラーメン,2020/07/22 06:48:40
小豚ニンニクマシマシヤサイアブラマシマシラーメン,2020/07/22 12:25:24
大ヤサイマシアブララーメン,2020/07/22 18:39:54
大ニンニクマシヤサイマシマシアブラマシマシラーメン,2020/07/23 06:28:46
大豚ニンニクヤサイマシマシアブラマシマシカラメラーメン,2020/07/23 13:19:12
大豚ニンニクマシマシヤサイアブラマシマシカラメラーメン,2020/07/23 20:54:15
小ニンニクマシマシヤサイマシアブラマシラーメン,2020/07/24 08:23:50
小豚ニンニクヤサイマシアブララーメン,2020/07/24 11:24:22
小ニンニクヤサイマシアブラカラメラーメン,2020/07/24 19:03:57
大豚ヤサイマシマシアブラマシマシラーメン,2020/07/25 07:48:27
大豚ニンニクマシマシヤサイマシマシアブララーメン,2020/07/25 11:50:39
小ニンニクマシマシヤサイマシマシカラメラーメン,2020/07/25 19:08:31
大豚ニンニクマシアブララーメン,2020/07/26 07:23:16
大ニンニクマシヤサイアブラカラメラーメン,2020/07/26 11:40:12
小豚ニンニクマシヤサイマシマシアブララーメン,2020/07/26 19:36:21
大豚アブラカラメラーメン,2020/07/27 06:19:13
小ニンニクマシマシアブラマシマシラーメン,2020/07/27 13:03:41
大ヤサイカラメラーメン,2020/07/27 19:19:09
小ヤサイマシマシアブラマシマシラーメン,2020/07/28 05:53:25
小ニンニクヤサイマシアブラマシマシカラメラーメン,2020/07/28 11:56:32
大豚ニンニクマシヤサイマシマシアブラカラメラーメン,2020/07/28 18:40:14
大ニンニクマシマシヤサイカラメラーメン,2020/07/29 05:54:05
小ニンニクヤサイアブララーメン,2020/07/29 12:39:11
大ニンニクマシアブラマシマシカラメラーメン,2020/07/29 18:44:36
小ヤサイマシマシアブラマシマシラーメン,2020/07/30 09:30:08
小豚ヤサイマシマシアブラマシラーメン,2020/07/30 13:47:04
大ニンニクマシヤサイラーメン,2020/07/30 18:17:32
小ヤサイアブラカラメラーメン,2020/07/31 07:22:08
大ニンニクマシマシヤサイマシラーメン,2020/07/31 12:55:51
小ニンニクマシアブララーメン,2020/07/31 18:37:23
小ニンニクマシマシヤサイマシマシアブラマシカラメラーメン,2020/08/01 08:38:07
小豚ニンニクマシマシヤサイマシアブラマシマシラーメン,2020/08/01 12:01:26
小豚ニンニクヤサイマシマシアブラマシラーメン,2020/08/01 19:12:05
大豚アブラマシマシラーメン,2020/08/02 06:58:19
大豚ヤサイマシアブララーメン,2020/08/02 12:50:59
大ニンニクマシヤサイアブラマシカラメラーメン,2020/08/02 18:42:57
大ヤサイアブラマシマシカラメラーメン,2020/08/03 08:04:40
小豚ヤサイアブラマシカラメラーメン,2020/08/03 11:02:48
小ニンニクヤサイアブラカラメラーメン,2020/08/03 16:27:33
小ニンニクマシマシアブラマシカラメラーメン,2020/08/04 08:11:04
小ニンニクマシヤサイアブラマシカラメラーメン,2020/08/04 12:44:12
大ニンニクマシヤサイマシマシアブラカラメラーメン,2020/08/04 18:26:43
小ニンニクマシマシカラメラーメン,2020/08/05 09:24:59
小豚ニンニクヤサイラーメン,2020/08/05 12:11:23
小豚ニンニクマシヤサイマシアブララーメン,2020/08/05 16:04:28
小ニンニクヤサイマシマシラーメン,2020/08/06 04:16:58
小ニンニクマシヤサイマシマシアブラマシラーメン,2020/08/06 12:00:09
大豚ニンニクヤサイマシマシアブラマシラーメン,2020/08/06 16:47:08
大ニンニクヤサイアブラマシマシラーメン,2020/08/07 07:26:48
大ニンニクマシマシヤサイマシアブララーメン,2020/08/07 11:37:15
大ニンニクヤサイマシラーメン,2020/08/07 17:43:23
大ニンニクマシマシヤサイマシマシアブララーメン,2020/08/08 07:03:51
大豚ニンニクマシマシヤサイマシアブラカラメラーメン,2020/08/08 12:12:40
大ニンニクマシヤサイマシマシアブラカラメラーメン,2020/08/08 18:21:04
大ニンニクマシヤサイマシアブラマシカラメラーメン,2020/08/09 08:07:33
小ヤサイマシアブラマシカラメラーメン,2020/08/09 10:53:37
大ニンニクマシヤサイマシアブラマシラーメン,2020/08/09 18:15:34
大ニンニクヤサイマシアブラカラメラーメン,2020/08/10 07:24:17
小豚ニンニクヤサイマシアブラマシラーメン,2020/08/10 11:02:19
小ニンニクマシアブラマシマシカラメラーメン,2020/08/10 17:44:46
小豚アブラマシマシラーメン,2020/08/11 06:48:37
大豚ヤサイマシマシアブラカラメラーメン,2020/08/11 13:26:55
小ニンニクヤサイマシアブラカラメラーメン,2020/08/11 19:12:31
小豚ニンニクマシマシアブララーメン,2020/08/12 07:28:28
小ヤサイマシアブラマシマシカラメラーメン,2020/08/12 13:07:53
小ニンニクマシマシヤサイアブラカラメラーメン,2020/08/12 19:17:38
小豚ヤサイラーメン,2020/08/13 07:03:25
小ヤサイアブラマシマシカラメラーメン,2020/08/13 13:58:05
大豚ニンニクマシマシヤサイマシアブラカラメラーメン,2020/08/13 17:33:52
小豚ニンニクヤサイマシアブラマシラーメン,2020/08/14 05:20:11
大豚ニンニクヤサイマシアブラカラメラーメン,2020/08/14 12:02:40
大豚ニンニクマシアブラマシマシカラメラーメン,2020/08/14 18:27:48
小ニンニクマシマシヤサイマシアブラマシマシラーメン,2020/08/15 07:16:36
小アブラカラメラーメン,2020/08/15 11:26:26
大ニンニクマシマシヤサイマシマシアブラマシラーメン,2020/08/15 19:14:26
小豚ヤサイアブラマシカラメラーメン,2020/08/16 05:43:00
小豚ニンニクマシアブラマシカラメラーメン,2020/08/16 11:22:45
小ニンニクマシヤサイマシマシラーメン,2020/08/16 18:36:03
小ニンニクマシヤサイアブラカラメラーメン,2020/08/17 06:15:02
大豚ニンニクマシアブラマシマシラーメン,2020/08/17 13:01:48
小豚ニンニクヤサイアブラマシマシラーメン,2020/08/17 18:59:14
小ニンニクマシマシヤサイマシマシアブララーメン,2020/08/18 06:17:27
小ニンニクマシマシヤサイアブラカラメラーメン,2020/08/18 12:39:30
小ヤサイマシマシアブララーメン,2020/08/18 19:55:31
大ニンニクヤサイマシマシアブラカラメラーメン,2020/08/19 06:52:51
大豚ヤサイマシマシアブラマシマシラーメン,2020/08/19 11:13:18
大豚ニンニクマシマシアブラマシマシラーメン,2020/08/19 19:49:26
小豚ニンニクアブラマシマシカラメラーメン,2020/08/20 07:58:08
小ニンニクヤサイマシカラメラーメン,2020/08/20 11:52:33
小ニンニクマシマシヤサイマシマシアブラマシカラメラーメン,2020/08/20 18:56:59
大豚ニンニクマシヤサイラーメン,2020/08/21 06:37:52
大ヤサイラーメン,2020/08/21 11:02:10
小豚ニンニクアブララーメン,2020/08/21 19:19:47
大豚ニンニクヤサイマシアブララーメン,2020/08/22 07:14:07
小ニンニクマシマシアブララーメン,2020/08/22 11:35:28
大ニンニクマシマシアブラカラメラーメン,2020/08/22 18:15:59
小ニンニクアブラマシカラメラーメン,2020/08/23 07:25:18
小ニンニクヤサイアブラカラメラーメン,2020/08/23 13:02:23
大ニンニクヤサイアブラマシカラメラーメン,2020/08/23 19:18:51
小豚ニンニクマシマシアブラカラメラーメン,2020/08/24 07:14:07
小ニンニクアブラマシマシラーメン,2020/08/24 12:03:34
大ニンニクマシヤサイマシアブラマシマシカラメラーメン,2020/08/24 18:20:40
小ニンニクマシマシヤサイマシマシアブラマシマシラーメン,2020/08/25 06:05:10
小ニンニクアブラマシマシラーメン,2020/08/25 10:13:55
小ニンニクマシヤサイマシマシアブラマシマシカラメラーメン,2020/08/25 19:08:03
小豚ニンニクマシカラメラーメン,2020/08/26 08:05:02
小ニンニクマシヤサイマシアブラマシカラメラーメン,2020/08/26 14:08:44
小ニンニクヤサイマシマシアブラマシマシラーメン,2020/08/26 18:08:08
大豚ニンニクマシマシヤサイマシアブラマシカラメラーメン,2020/08/27 05:25:05
小豚ニンニクアブラカラメラーメン,2020/08/27 13:20:23
大豚ニンニクマシマシヤサイカラメラーメン,2020/08/27 17:25:32
小豚ニンニクマシマシラーメン,2020/08/28 08:03:58
小豚ニンニクアブラカラメラーメン,2020/08/28 12:35:45
小ヤサイマシマシアブラカラメラーメン,2020/08/28 19:28:54
小アブラカラメラーメン,2020/08/29 06:39:05
大ニンニクマシカラメラーメン,2020/08/29 12:41:50
小豚ニンニクマシヤサイマシマシアブラマシマシラーメン,2020/08/29 19:52:00
小ニンニクマシマシヤサイアブラマシマシカラメラーメン,2020/08/30 05:47:12
小ニンニクマシマシヤサイマシラーメン,2020/08/30 12:10:51
小ニンニクヤサイマシアブラマシラーメン,2020/08/30 22:35:19
小豚ニンニクヤサイマシラーメン,2020/08/31 06:04:38
小豚ニンニクマシヤサイアブラマシマシカラメラーメン,2020/08/31 11:35:44
小ニンニクマシマシヤサイマシカラメラーメン,2020/08/31 18:46:42
大ニンニクヤサイラーメン,2020/09/01 06:13:00
大豚ヤサイマシマシアブララーメン,2020/09/01 10:06:58
大豚ニンニクマシヤサイマシアブラカラメラーメン,2020/09/01 19:43:43
小豚ニンニクマシヤサイマシアブララーメン,2020/09/02 08:30:31
大豚ニンニクマシヤサイアブラカラメラーメン,2020/09/02 10:54:16
小豚ニンニクマシマシヤサイマシアブララーメン,2020/09/02 19:20:21
小ニンニクマシマシヤサイマシアブラカラメラーメン,2020/09/03 07:11:12
小豚ニンニクマシマシヤサイマシアブラマシカラメラーメン,2020/09/03 11:45:20
小豚ニンニクマシマシヤサイマシマシアブラマシマシラーメン,2020/09/03 19:06:32
大豚ニンニクヤサイマシアブラマシカラメラーメン,2020/09/04 06:33:33
大ニンニクヤサイマシアブラマシマシラーメン,2020/09/04 11:25:55
小豚ニンニクマシマシヤサイアブラマシマシカラメラーメン,2020/09/04 19:44:29
大豚ヤサイアブラマシマシカラメラーメン,2020/09/05 06:25:32
大ニンニクマシマシヤサイマシマシアブラマシマシカラメラーメン,2020/09/05 11:18:26
大ニンニクカラメラーメン,2020/09/05 18:22:31
小ニンニクマシマシヤサイマシマシラーメン,2020/09/06 07:09:09
小豚ニンニクヤサイマシマシアブラマシカラメラーメン,2020/09/06 11:51:43
小豚ヤサイマシアブラマシカラメラーメン,2020/09/06 19:23:58
大豚ニンニクヤサイマシアブラマシカラメラーメン,2020/09/07 06:55:12
大ニンニクマシヤサイマシアブラカラメラーメン,2020/09/07 14:14:59
大ニンニクマシマシヤサイマシマシアブラマシカラメラーメン,2020/09/07 17:58:11
小豚ニンニクラーメン,2020/09/08 06:13:26
小ニンニクヤサイマシアブラマシマシカラメラーメン,2020/09/08 11:30:55
大ニンニクマシマシヤサイアブラマシマシラーメン,2020/09/08 18:30:23
小豚ニンニクマシマシラーメン,2020/09/09 07:28:02
小豚ニンニクマシマシカラメラーメン,2020/09/09 12:08:06
小豚ニンニクマシマシアブラマシカラメラーメン,2020/09/09 20:16:17
小豚ニンニクヤサイアブラマシマシラーメン,2020/09/10 06:58:59
大ニンニクヤサイマシアブララーメン,2020/09/10 11:17:01
小ヤサイラーメン,2020/09/10 19:58:36
小ニンニクマシマシヤサイマシラーメン,2020/09/11 08:58:42
大豚ニンニクヤサイアブララーメン,2020/09/11 14:50:02
大ヤサイマシアブラマシカラメラーメン,2020/09/11 18:50:48
小豚ニンニクマシヤサイマシマシアブラマシラーメン,2020/09/12 06:42:59
大豚ニンニクヤサイマシマシアブラマシカラメラーメン,2020/09/12 13:06:44
小豚ニンニクマシマシアブラマシマシカラメラーメン,2020/09/12 18:53:07
小豚アブラカラメラーメン,2020/09/13 07:26:40
小豚ニンニクマシマシヤサイマシマシアブラマシカラメラーメン,2020/09/13 12:21:18
小ニンニクマシマシヤサイアブラマシラーメン,2020/09/13 19:03:18
小ニンニクマシアブラマシマシカラメラーメン,2020/09/14 07:35:30
大豚ヤサイマシマシカラメラーメン,2020/09/14 12:50:05
大ニンニクマシカラメラーメン,2020/09/14 17:40:22
小ヤサイマシアブララーメン,2020/09/15 06:25:40
小豚ニンニクマシヤサイマシアブラマシマシカラメラーメン,2020/09/15 10:53:58
小豚ニンニクマシヤサイマシアブラマシカラメラーメン,2020/09/15 21:35:07
大豚ニンニクヤサイマシラーメン,2020/09/16 05:37:17
大ニンニクカラメラーメン,2020/09/16 10:27:18
大ニンニクヤサイマシマシアブラマシマシラーメン,2020/09/16 19:55:40
大豚ニンニクマシマシヤサイマシマシアブラカラメラーメン,2020/09/17 07:27:08
小ニンニクアブラマシラーメン,2020/09/17 12:16:49
大ニンニクマシヤサイアブラマシマシカラメラーメン,2020/09/17 19:31:17
大ニンニクヤサイマシラーメン,2020/09/18 08:50:06
小豚ニンニクマシヤサイマシマシアブラマシマシカラメラーメン,2020/09/18 10:11:55
大豚ニンニクマシヤサイマシマシアブラカラメラーメン,2020/09/18 18:46:46
大豚ニンニクマシマシヤサイマシマシアブラマシラーメン,2020/09/19 06:14:32
小ニンニクヤサイマシマシラーメン,2020/09/19 13:25:12
小ニンニクヤサイマシアブラカラメラーメン,2020/09/19 21:33:29
大豚ニンニクヤサイマシマシアブラマシマシラーメン,2020/09/20 07:43:33
大豚ニンニクヤサイアブラマシラーメン,2020/09/20 10:41:55
小ニンニクマシマシヤサイカラメラーメン,2020/09/20 19:32:14
大ニンニクマシマシヤサイマシマシアブラマシマシラーメン,2020/09/21 09:06:46
小豚ヤサイアブラマシマシカラメラーメン,2020/09/21 12:46:19
大ニンニクマシマシヤサイマシアブラカラメラーメン,2020/09/21 18:26:13
大ニンニクマシマシヤサイマシアブララーメン,2020/09/22 06:15:57
小豚ヤサイマシアブラマシラーメン,2020/09/22 11:52:26
大豚ニンニクマシヤサイマシマシアブラマシラーメン,2020/09/22 18:15:34
大豚ニンニクマシヤサイアブラマシマシラーメン,2020/09/23 09:17:01
小豚ニンニクアブラマシラーメン,2020/09/23 10:52:05
大ニンニクマシアブラカラメラーメン,2020/09/23 19:33:09
大ニンニクマシラーメン,2020/09/24 06:44:18
小ニンニクヤサイラーメン,2020/09/24 11:15:21
大ニンニクアブラカラメラーメン,2020/09/24 17:55:08
小豚ニンニクマシヤサイマシマシアブラマシカラメラーメン,2020/09/25 06:10:32
大豚アブラマシマシラーメン,2020/09/25 10:56:33
小豚ヤサイマシアブラマシカラメラーメン,2020/09/25 19:17:11
小豚ニンニクマシマシヤサイアブラカラメラーメン,2020/09/26 08:35:03
小ニンニクマシマシヤサイマシアブラカラメラーメン,2020/09/26 11:37:03
大豚ニンニクマシマシヤサイマシアブラマシラーメン,2020/09/26 19:03:51
大ヤサイマシカラメラーメン,2020/09/27 05:43:45
小ニンニクマシマシヤサイマシマシアブラマシマシラーメン,2020/09/27 11:07:45
大ニンニクマシヤサイマシアブララーメン,2020/09/27 19:33:16
小ニンニクラーメン,2020/09/28 07:35:45
大豚ニンニクマシヤサイマシアブラマシラーメン,2020/09/28 13:23:40
大ニンニクヤサイマシカラメラーメン,2020/09/28 19:52:41
大豚ニンニクマシマシヤサイアブラカラメラーメン,2020/09/29 06:00:38
大豚ニンニクマシマシヤサイマシカラメラーメン,2020/09/29 11:55:32
小豚ニンニクマシマシヤサイアブラマシマシカラメラーメン,2020/09/29 19:10:32
小ニンニクマシマシヤサイアブラカラメラーメン,2020/09/30 06:07:24
大ヤサイマシアブラマシマシカラメラーメン,2020/09/30 12:10:27
大豚ニンニクヤサイカラメラーメン,2020/09/30 19:23:07
小豚ヤサイアブラマシマシラーメン,2020/10/01 06:43:10
小豚ヤサイマシアブララーメン,2020/10/01 12:52:52
大ニンニクヤサイマシアブララーメン,2020/10/01 19:21:36
小豚ニンニクマシマシヤサイマシアブララーメン,2020/10/02 05:34:30
大豚ニンニクヤサイマシマシアブララーメン,2020/10/02 12:18:20
大豚ニンニクマシヤサイマシマシラーメン,2020/10/02 17:45:28
小ニンニクマシアブラマシマシラーメン,2020/10/03 07:27:31
小豚ヤサイアブララーメン,2020/10/03 14:00:17
小カラメラーメン,2020/10/03 18:50:40
大豚ニンニクマシアブラマシカラメラーメン,2020/10/04 06:01:26
大ニンニクアブラマシラーメン,2020/10/04 12:14:35
大豚ニンニクマシマシヤサイマシマシアブラマシマシラーメン,2020/10/04 19:14:00
小ヤサイマシカラメラーメン,2020/10/05 08:38:23
小豚ニンニクマシヤサイマシアブラマシカラメラーメン,2020/10/05 11:41:07
大アブラカラメラーメン,2020/10/05 19:37:30
大ニンニクアブラカラメラーメン,2020/10/06 07:03:47
大豚ヤサイマシアブラマシラーメン,2020/10/06 12:40:38
小豚ニンニクヤサイマシアブラマシマシカラメラーメン,2020/10/06 19:51:54
大豚ニンニクマシマシアブラマシマシカラメラーメン,2020/10/07 08:15:20
大ニンニクアブラマシカラメラーメン,2020/10/07 11:13:20
大ニンニクヤサイマシアブラカラメラーメン,2020/10/07 19:29:43
小ニンニクマシヤサイマシアブラマシカラメラーメン,2020/10/08 05:12:33
大豚ニンニクマシアブラマシマシラーメン,2020/10/08 12:10:07
大豚ニンニクマシマシヤサイアブラマシマシカラメラーメン,2020/10/08 18:31:17
大豚ニンニクヤサイアブラマシマシカラメラーメン,2020/10/09 07:32:30
小ニンニクマシヤサイアブラマシラーメン,2020/10/09 10:35:21
大ニンニクマシヤサイマシマシアブラマシラーメン,2020/10/09 18:26:12
大ニンニクマシマシヤサイマシマシカラメラーメン,2020/10/10 05:30:43
大ヤサイマシマシカラメラーメン,2020/10/10 12:36:47
小ニンニクヤサイマシカラメラーメン,2020/10/10 19:47:26
大ニンニクアブラマシラーメン,2020/10/11 09:51:43
小ヤサイマシマシアブラマシマシラーメン,2020/10/11 11:45:13
大豚ニンニクカラメラーメン,2020/10/11 18:50:51
大豚ニンニクヤサイマシアブラマシマシカラメラーメン,2020/10/12 07:08:10
大ニンニクマシマシアブララーメン,2020/10/12 13:30:56
大ニンニクマシヤサイマシマシアブラマシマシラーメン,2020/10/12 18:38:57
小ニンニクマシヤサイマシマシカラメラーメン,2020/10/13 08:26:12
小豚カラメラーメン,2020/10/13 13:40:43
大ニンニクマシマシヤサイマシアブラカラメラーメン,2020/10/13 18:52:57
大豚ニンニクヤサイアブラマシカラメラーメン,2020/10/14 07:28:28
大豚ニンニクマシヤサイマシマシアブラマシラーメン,2020/10/14 11:30:45
大豚ニンニクマシマシヤサイラーメン,2020/10/14 20:22:28
大ヤサイマシマシアブラマシマシカラメラーメン,2020/10/15 05:32:33
小豚ニンニクマシヤサイマシマシラーメン,2020/10/15 12:16:17
小豚アブラマシラーメン,2020/10/15 18:33:34
大豚ニンニクマシヤサイアブラマシマシカラメラーメン,2020/10/16 08:15:35
小ニンニクマシヤサイマシラーメン,2020/10/16 12:19:18
小豚ニンニクマシヤサイマシアブラマシマシカラメラーメン,2020/10/16 18:38:03
大ニンニクマシカラメラーメン,2020/10/17 06:42:00
大ヤサイマシアブラマシカラメラーメン,2020/10/17 12:04:35
大ニンニクマシアブラマシカラメラーメン,2020/10/17 21:23:17
小ニンニクヤサイマシマシラーメン,2020/10/18 05:23:57
小豚ニンニクマシマシヤサイマシアブラマシカラメラーメン,2020/10/18 14:29:59
大ニンニクマシマシアブラカラメラーメン,2020/10/18 17:44:11
小豚ニンニクマシアブラカラメラーメン,2020/10/19 09:16:07
小豚ニンニクヤサイアブラマシカラメラーメン,2020/10/19 10:54:44
小豚ヤサイマシマシアブラマシカラメラーメン,2020/10/19 18:30:29
小ニンニクマシヤサイマシアブララーメン,2020/10/20 05:24:06
大ヤサイマシアブララーメン,2020/10/20 11:52:43
大ニンニクマシヤサイマシマシアブラマシラーメン,2020/10/20 19:17:40
小ニンニクアブラマシマシラーメン,2020/10/21 07:32:33
小ヤサイマシマシアブラマシカラメラーメン,2020/10/21 12:03:26
大ニンニクマシアブラカラメラーメン,2020/10/21 17:23:56
大豚ニンニクマシマシヤサイマシラーメン,2020/10/22 07:14:31
小豚ヤサイマシアブララーメン,2020/10/22 12:45:05
小豚ニンニクマシヤサイアブラマシラーメン,2020/10/22 19:18:41
小豚ヤサイマシアブラマシラーメン,2020/10/23 08:01:18
小ヤサイアブララーメン,2020/10/23 13:01:14
小豚ヤサイマシラーメン,2020/10/23 19:19:20
大ヤサイマシアブラマシカラメラーメン,2020/10/24 05:39:49
大豚ニンニクマシカラメラーメン,2020/10/24 12:01:59
大ヤサイマシマシアブラマシラーメン,2020/10/24 18:39:58
小ニンニクマシヤサイマシマシアブララーメン,2020/10/25 08:36:24
大ニンニクヤサイラーメン,2020/10/25 13:24:20
大豚ニンニクマシヤサイマシマシアブラマシマシラーメン,2020/10/25 17:24:18
小ニンニクマシマシヤサイマシマシラーメン,2020/10/26 07:03:06
大豚ニンニクマシヤサイマシアブラマシマシラーメン,2020/10/26 11:06:47
大ニンニクマシヤサイマシラーメン,2020/10/26 18:29:04
大ニンニクアブラマシマシラーメン,2020/10/27 06:44:17
小ヤサイマシマシアブラマシカラメラーメン,2020/10/27 13:56:44
小豚ヤサイラーメン,2020/10/27 18:51:17
大ニンニクヤサイマシアブラマシマシラーメン,2020/10/28 08:25:58
小ニンニクマシヤサイマシアブラマシカラメラーメン,2020/10/28 11:44:34
大ニンニクマシヤサイマシアブララーメン,2020/10/28 17:39:25
大ヤサイマシマシアブラマシマシラーメン,2020/10/29 07:48:14
大ニンニクマシマシヤサイアブラカラメラーメン,2020/10/29 12:09:20
小ニンニクヤサイマシマシカラメラーメン,2020/10/29 19:00:03
大ニンニクマシヤサイマシカラメラーメン,2020/10/30 07:17:17
大豚ヤサイマシアブララーメン,2020/10/30 12:54:17
大ニンニクマシマシヤサイマシラーメン,2020/10/30 19:51:14
大豚ニンニクマシマシヤサイマシマシアブラマシカラメラーメン,2020/10/31 07:11:15
小ニンニクヤサイマシアブラマシマシラーメン,2020/10/31 11:25:27
大ニンニクマシマシアブラカラメラーメン,2020/10/31 16:27:58
小ヤサイマシマシアブララーメン,2020/11/01 07:19:47
小ニンニクヤサイマシアブラマシカラメラーメン,2020/11/01 12:57:06
小ニンニクマシヤサイマシアブラマシマシラーメン,2020/11/01 20:32:03
小ニンニクマシヤサイマシマシアブラマシラーメン,2020/11/02 06:55:20
大ニンニクマシマシヤサイマシマシアブラマシマシカラメラーメン,2020/11/02 12:10:38
大豚ニンニクマシマシヤサイマシカラメラーメン,2020/11/02 20:28:28
小ニンニクヤサイマシマシラーメン,2020/11/03 09:52:57
小ヤサイマシマシラーメン,2020/11/03 12:51:08
大豚ニンニクマシマシヤサイアブラマシラーメン,2020/11/03 19:08:42
大豚アブラマシカラメラーメン,2020/11/04 07:17:45
大ニンニクアブラマシマシラーメン,2020/11/04 11:10:34
大ニンニクマシアブララーメン,2020/11/04 19:42:00
大ニンニクマシマシヤサイマシマシアブラマシカラメラーメン,2020/11/05 07:55:26
小豚ニンニクマシマシヤサイマシアブラマシマシラーメン,2020/11/05 11:34:26
小豚ニンニクマシマシヤサイマシマシラーメン,2020/11/05 17:03:48
小ニンニクアブラカラメラーメン,2020/11/06 07:53:43
小豚ニンニクマシヤサイマシアブラマシマシカラメラーメン,2020/11/06 10:56:31
小ニンニクマシアブラマシカラメラーメン,2020/11/06 18:56:32
大豚ヤサイマシラーメン,2020/11/07 07:21:19
大豚ヤサイアブラカラメラーメン,2020/11/07 12:02:47
小豚ニンニクアブラマシラーメン,2020/11/07 18:23:22
小豚ニンニクマシマシヤサイマシマシアブラマシカラメラーメン,2020/11/08 07:24:55
大豚アブラマシマシラーメン,2020/11/08 12:10:55
大ニンニクマシマシヤサイカラメラーメン,2020/11/08 19:01:00
大豚ニンニクヤサイアブラマシラーメン,2020/11/09 07:18:10
大ニンニクマシマシヤサイアブララーメン,2020/11/09 12:06:25
小豚ニンニクマシマシアブラマシマシカラメラーメン,2020/11/09 18:08:54
小ニンニクマシマシヤサイマシマシラーメン,2020/11/10 06:44:46
大ニンニクアブラマシラーメン,2020/11/10 12:30:14
大アブラマシラーメン,2020/11/10 18:28:05
小ニンニクアブラマシマシカラメラーメン,2020/11/11 07:55:12
大ニンニクマシヤサイアブララーメン,2020/11/11 12:20:28
大豚ヤサイマシマシアブラマシラーメン,2020/11/11 18:56:07
小ニンニクマシマシヤサイマシマシアブララーメン,2020/11/12 07:42:36
小豚ニンニクマシマシヤサイマシアブララーメン,2020/11/12 11:39:50
大豚ヤサイマシアブラカラメラーメン,2020/11/12 18:06:18
小豚ニンニクマシマシヤサイマシラーメン,2020/11/13 08:01:59
小豚ニンニクマシマシヤサイマシアブラマシラーメン,2020/11/13 10:04:16
大ヤサイアブラマシカラメラーメン,2020/11/13 19:09:54
大ヤサイマシマシアブラマシマシラーメン,2020/11/14 08:50:49
大ニンニクアブラマシラーメン,2020/11/14 10:51:51
大ニンニクヤサイマシアブラマシマシラーメン,2020/11/14 18:51:29
小ニンニクアブラマシマシカラメラーメン,2020/11/15 07:04:32
小豚ヤサイマシアブラマシマシカラメラーメン,2020/11/15 11:25:00
大豚ニンニクヤサイマシアブラカラメラーメン,2020/11/15 19:41:13
小ヤサイマシアブラマシマシカラメラーメン,2020/11/16 08:10:03
大ニンニクマシヤサイアブラマシカラメラーメン,2020/11/16 11:02:45
小ニンニクマシヤサイマシマシアブラマシマシカラメラーメン,2020/11/16 16:44:56
大ニンニクマシヤサイマシラーメン,2020/11/17 07:11:55
小豚ニンニクマシヤサイマシマシカラメラーメン,2020/11/17 11:35:47
小ニンニクマシマシヤサイマシマシカラメラーメン,2020/11/17 19:55:05
大ヤサイアブラマシマシラーメン,2020/11/18 07:10:57
小ニンニクマシマシヤサイマシラーメン,2020/11/18 11:58:22
小ニンニクマシマシヤサイアブラカラメラーメン,2020/11/18 18:43:14
小豚ニンニクヤサイマシマシアブラマシマシカラメラーメン,2020/11/19 06:02:38
大ニンニクマシマシヤサイマシマシアブララーメン,2020/11/19 11:47:42
小豚ニンニクヤサイマシマシアブララーメン,2020/11/19 17:26:28
小ニンニクマシラーメン,2020/11/20 06:22:10
小ニンニクマシヤサイアブラマシカラメラーメン,2020/11/20 12:28:38
大豚ニンニクマシヤサイラーメン,2020/11/20 18:38:38
小豚ニンニクマシマシアブラマシラーメン,2020/11/21 07:11:17
大豚ヤサイマシマシアブラマシカラメラーメン,2020/11/21 12:47:46
小豚ニンニクマシヤサイマシラーメン,2020/11/21 18:50:58
小ニンニクヤサイアブラカラメラーメン,2020/11/22 07:30:36
大ニンニクヤサイマシマシアブラカラメラーメン,2020/11/22 12:20:03
大豚ニンニクマシマシヤサイマシマシアブラマシラーメン,2020/11/22 17:46:49
小豚ヤサイマシアブラマシラーメン,2020/11/23 07:42:42
大豚ニンニクアブラカラメラーメン,2020/11/23 11:00:09
大ニンニクマシヤサイマシマシカラメラーメン,2020/11/23 20:18:17
大ニンニクマシヤサイマシマシアブララーメン,2020/11/24 06:19:30
小ニンニクヤサイマシアブラマシラーメン,2020/11/24 11:48:09
小ニンニクマシマシヤサイアブラマシラーメン,2020/11/24 18:46:21
大ニンニクマシヤサイマシアブラカラメラーメン,2020/11/25 06:55:10
小ヤサイアブラカラメラーメン,2020/11/25 12:09:18
小ニンニクヤサイマシマシアブラマシラーメン,2020/11/25 19:10:11
大ニンニクマシアブラマシカラメラーメン,2020/11/26 05:38:16
小豚ニンニクヤサイアブララーメン,2020/11/26 13:45:36
大ニンニクマシヤサイマシマシカラメラーメン,2020/11/26 18:49:34
小ニンニクアブララーメン,2020/11/27 07:28:27
小豚ニンニクヤサイアブララーメン,2020/11/27 12:19:25
大豚ヤサイカラメラーメン,2020/11/27 20:36:09
大ニンニクマシマシヤサイマシアブラマシラーメン,2020/11/28 05:26:54
大ニンニクマシヤサイカラメラーメン,2020/11/28 10:38:01
大ニンニクマシヤサイアブラマシラーメン,2020/11/28 17:52:40
小豚ヤサイマシマシアブラマシマシラーメン,2020/11/29 06:37:48
大ニンニクマシヤサイアブラマシマシカラメラーメン,2020/11/29 15:14:16
大ニンニクヤサイマシアブラカラメラーメン,2020/11/29 18:13:29
小豚ヤサイアブララーメン,2020/11/30 06:32:23
大ニンニクマシマシヤサイマシアブラマシマシラーメン,2020/11/30 10:13:17
小ニンニクヤサイマシアブラマシカラメラーメン,2020/11/30 20:17:21
大ニンニクヤサイマシアブラマシマシカラメラーメン,2020/12/01 05:48:29
大豚ニンニクマシマシヤサイマシアブラマシラーメン,2020/12/01 13:00:00
小豚ヤサイマシアブラマシマシラーメン,2020/12/01 18:53:56
大ニンニクマシヤサイラーメン,2020/12/02 06:10:19
大ニンニクヤサイアブラマシマシラーメン,2020/12/02 12:49:45
大豚ニンニクヤサイマシラーメン,2020/12/02 17:39:17
大豚ニンニクアブラマシラーメン,2020/12/03 07:11:33
小ニンニクアブラマシマシラーメン,2020/12/03 12:28:50
小ニンニクマシマシヤサイアブラマシラーメン,2020/12/03 20:00:29
小豚ニンニクマシヤサイマシマシアブラカラメラーメン,2020/12/04 06:14:06
大アブラマシラーメン,2020/12/04 12:23:37
小ニンニクマシマシヤサイマシマシカラメラーメン,2020/12/04 16:26:44
小豚ニンニクマシラーメン,2020/12/05 05:57:26
大豚ヤサイマシアブラマシカラメラーメン,2020/12/05 12:42:26
小ニンニクヤサイマシラーメン,2020/12/05 18:43:13
大ニンニクマシヤサイマシマシラーメン,2020/12/06 07:12:03
大豚ニンニクマシヤサイアブラマシマシカラメラーメン,2020/12/06 11:31:03
大ニンニクマシヤサイマシアブラカラメラーメン,2020/12/06 18:55:33
小ニンニクマシマシヤサイマシアブラマシカラメラーメン,2020/12/07 07:17:58
小ヤサイマシマシアブララーメン,2020/12/07 12:24:51
大豚アブラカラメラーメン,2020/12/07 19:32:15
小ニンニクマシマシヤサイアブラマシラーメン,2020/12/08 06:55:27
小ニンニクアブラマシカラメラーメン,2020/12/08 13:08:04
小豚ニンニクヤサイアブラマシマシカラメラーメン,2020/12/08 20:19:20
大ニンニクヤサイマシアブラマシマシラーメン,2020/12/09 08:10:54
大豚ニンニクマシアブラマシマシカラメラーメン,2020/12/09 11:45:05
小豚ニンニクマシマシヤサイアブラカラメラーメン,2020/12/09 19:07:09
大豚ニンニクヤサイラーメン,2020/12/10 07:09:06
大ニンニクマシマシヤサイアブララーメン,2020/12/10 10:12:17
小豚ヤサイアブララーメン,2020/12/10 18:03:42
小豚ニンニクヤサイアブララーメン,2020/12/11 06:14:51
大ヤサイマシマシアブラマシマシカラメラーメン,2020/12/11 12:12:54
大豚ニンニクマシマシヤサイアブラマシカラメラーメン,2020/12/11 19:13:08
小豚ヤサイマシアブラマシマシラーメン,2020/12/12 05:59:09
小豚ニンニクヤサイアブラカラメラーメン,2020/12/12 13:09:46
小ニンニクヤサイマシアブラマシカラメラーメン,2020/12/12 17:54:39
小豚ニンニクマシマシヤサイアブラマシラーメン,2020/12/13 06:14:41
大豚ニンニクマシアブラマシラーメン,2020/12/13 12:13:00
大豚ニンニクマシヤサイマシマシアブラカラメラーメン,2020/12/13 17:25:50
大豚ニンニクマシアブラカラメラーメン,2020/12/14 07:58:45
大ニンニクマシヤサイマシカラメラーメン,2020/12/14 11:09:12
小ニンニクマシマシヤサイアブラカラメラーメン,2020/12/14 19:26:32
大豚ニンニクマシマシヤサイアブラカラメラーメン,2020/12/15 07:53:15
小豚ニンニクラーメン,2020/12/15 11:51:35
大ヤサイラーメン,2020/12/15 17:07:04
大ヤサイマシマシアブラマシラーメン,2020/12/16 07:09:36
大アブラマシマシラーメン,2020/12/16 10:03:19
小豚ヤサイカラメラーメン,2020/12/16 19:49:46
大ニンニクヤサイマシアブラマシマシラーメン,2020/12/17 06:21:36
小アブラマシカラメラーメン,2020/12/17 13:04:23
大豚ニンニクマシマシアブラマシマシラーメン,2020/12/17 19:21:48
小ニンニクマシアブラマシマシカラメラーメン,2020/12/18 08:09:19
小ヤサイラーメン,2020/12/18 10:33:26
小ニンニクマシアブララーメン,2020/12/18 19:32:27
大豚アブラマシマシカラメラーメン,2020/12/19 08:21:08
小ニンニクアブラカラメラーメン,2020/12/19 12:14:32
小豚ニンニクマシマシヤサイラーメン,2020/12/19 19:11:25
小ニンニクヤサイカラメラーメン,2020/12/20 06:36:00
大豚ニンニクマシヤサイマシマシアブラカラメラーメン,2020/12/20 12:26:11
大豚アブラマシカラメラーメン,2020/12/20 17:38:24
小ニンニクマシヤサイアブラカラメラーメン,2020/12/21 06:55:14
小豚ニンニクマシヤサイマシマシアブラマシカラメラーメン,2020/12/21 11:43:18
小豚ヤサイアブララーメン,2020/12/21 18:29:42
小豚ニンニクマシアブラカラメラーメン,2020/12/22 06:43:33
小豚ニンニクマシヤサイマシアブラマシマシラーメン,2020/12/22 12:32:49
大ニンニクヤサイマシマシアブラマシマシカラメラーメン,2020/12/22 17:20:09
大豚ニンニクマシアブララーメン,2020/12/23 05:59:44
大ニンニクマシヤサイアブラカラメラーメン,2020/12/23 10:57:20
大ニンニクマシマシカラメラーメン,2020/12/23 19:07:15
大豚ニンニクマシマシヤサイマシアブラマシラーメン,2020/12/24 05:45:43
大ニンニクマシマシヤサイマシマシアブラマシカラメラーメン,2020/12/24 12:41:47
大ニンニクマシヤサイマシアブラマシカラメラーメン,2020/12/24 17:30:17
小豚ヤサイカラメラーメン,2020/12/25 08:59:40
小豚ニンニクマシヤサイマシアブラマシラーメン,2020/12/25 11:12:10
小豚ニンニクヤサイアブララーメン,2020/12/25 18:33:01
小豚ニンニクヤサイアブララーメン,2020/12/26 06:48:18
大ニンニクマシヤサイアブラマシカラメラーメン,2020/12/26 10:31:42
大ニンニクヤサイカラメラーメン,2020/12/26 19:37:34
小豚ニンニクカラメラーメン,2020/12/27 06:36:35
大ニンニクマシマシヤサイラーメン,2020/12/27 11:57:27
小豚ニンニクマシマシヤサイカラメラーメン,2020/12/27 16:57:49
大豚ニンニクマシマシヤサイマシマシアブラマシラーメン,2020/12/28 05:13:09
大ニンニクマシヤサイマシアブラマシマシラーメン,2020/12/28 09:26:40
大豚ニンニクラーメン,2020/12/28 15:41:00
大豚ヤサイアブラマシマシラーメン,2020/12/29 06:02:10
小ニンニクマシマシヤサイアブラマシラーメン,2020/12/29 11:21:09
大豚ニンニクマシヤサイマシアブラマシマシカラメラーメン,2020/12/29 18:07:55
大ニンニクマシマシヤサイマシマシアブララーメン,2020/12/30 06:06:34
大ニンニクアブラカラメラーメン,2020/12/30 12:41:20
大ニンニクアブララーメン,2020/12/30 18:57:13
小ニンニクヤサイアブラマシマシカラメラーメン,2020/12/31 05:27:30
